{
  "pools": [
    {
      "name": "med_supplies",
      "entries": [
        {
          "entryName": "loottweaker#1",
          "weight": 5,
          "quality": 1,
          "type": "item",
          "functions": [
            {
              "count": {
                "min": 3.0,
                "max": 5.0
              },
              "function": "minecraft:set_count"
            }
          ],
          "name": "mod_lavacow:cursed_bandage"
        },
        {
          "entryName": "loottweaker#5",
          "weight": 3,
          "quality": 1,
          "type": "item",
          "functions": [
            {
              "count": 1.0,
              "function": "minecraft:set_count"
            },
            {
              "tag": "{Potion:\"minecraft:healing\"}",
              "function": "minecraft:set_nbt"
            }
          ],
          "name": "minecraft:splash_potion"
        },
        {
          "entryName": "loottweaker#4",
          "weight": 3,
          "quality": 1,
          "type": "item",
          "functions": [
            {
              "count": 1.0,
              "function": "minecraft:set_count"
            }
          ],
          "name": "firstaid:morphine"
        },
        {
          "entryName": "loottweaker#3",
          "weight": 3,
          "quality": 1,
          "type": "item",
          "functions": [
            {
              "count": 1.0,
              "function": "minecraft:set_count"
            }
          ],
          "name": "rafradek_tf2_weapons:ammo_medigun"
        },
        {
          "entryName": "loottweaker#2",
          "weight": 5,
          "quality": 1,
          "type": "item",
          "functions": [
            {
              "count": {
                "min": 1.0,
                "max": 3.0
              },
              "function": "minecraft:set_count"
            }
          ],
          "name": "firstaid:bandage"
        },
        {
          "entryName": "loottweaker#7",
          "weight": 1,
          "quality": 1,
          "type": "item",
          "functions": [
            {
              "count": 1.0,
              "function": "minecraft:set_count"
            },
            {
              "data": 9.0,
              "function": "minecraft:set_data"
            },
            {
              "tag": "{Token:6b}",
              "function": "minecraft:set_nbt"
            }
          ],
          "name": "rafradek_tf2_weapons:itemtf2"
        },
        {
          "entryName": "loottweaker#6",
          "weight": 1,
          "quality": 1,
          "type": "item",
          "functions": [
            {
              "count": {
                "min": 1.0,
                "max": 7.0
              },
              "function": "minecraft:set_count"
            }
          ],
          "name": "exoticbirds:phoenix_dust"
        }
      ],
      "rolls": {
        "min": 5.0,
        "max": 8.0
      }
    }
  ]
}