{"stat.chestOpened":3,"stat.pickup.minecraft.rotten_flesh":2,"stat.walkOneCm":28786,"stat.pickup.xlfoodmod.empty_can":4,"stat.pickup.cgm.basic_ammo":33,"stat.pickup.minecraft.stick":4,"stat.pickup.xlfoodmod.baguette":9,"stat.leaveGame":1,"stat.pickup.minecraft.pumpkin_pie":5,"stat.damageTaken":564,"stat.pickup.minecraft.stone_pickaxe":1,"stat.pickup.firstaid.plaster":5,"stat.pickup.minecraft.stone_sword":2,"stat.pickup.minecraft.bread":7,"stat.craftItem.minecraft.stone_pickaxe":1,"stat.pickup.cgm.handgun":1,"stat.pickup.minecraft.fermented_spider_eye":1,"stat.pickup.minecraft.planks":1,"stat.flyOneCm":11443,"stat.deaths":1,"stat.pickup.firstaid.morphine":1,"stat.jump":83,"stat.pickup.minecraft.compass":1,"stat.pickup.minecraft.egg":3,"stat.playOneMinute":8547,"stat.fallOneCm":2092,"stat.sneakTime":175,"stat.pickup.firstaid.bandage":5,"stat.pickup.hundreddayz.clothing_fabric":2,"stat.crouchOneCm":764,"stat.pickup.xlfoodmod.chips":5,"stat.timeSinceDeath":2493,"stat.pickup.minecraft.dirt":14,"stat.pickup.mod_lavacow.intestine":1,"stat.mineBlock.minecraft.dirt":7,"stat.sprintOneCm":10401,"stat.pickup.xlfoodmod.crescent_roll":1,"stat.pickup.minecraft.apple":2,"stat.craftingTableInteraction":1,"stat.pickup.hundreddayz.syringe":2}