{"stat.chestOpened":5,"stat.walkOneCm":83566,"stat.pickup.cgm.basic_ammo":33,"stat.pickup.minecraft.stick":4,"stat.pickup.xlfoodmod.baguette":9,"stat.leaveGame":2,"stat.pickup.minecraft.stone_pickaxe":1,"stat.pickup.firstaid.plaster":5,"stat.useItem.minecraft.apple":2,"stat.pickup.cgm.handgun":1,"stat.pickup.firstaid.morphine":1,"stat.jump":220,"stat.pickup.minecraft.compass":1,"stat.fallOneCm":5287,"stat.pickup.minecraft.beef":2,"stat.pickup.firstaid.bandage":5,"stat.drop.minecraft.stone_sword":1,"stat.crouchOneCm":3677,"stat.pickup.minecraft.dirt":28,"stat.useItem.minecraft.dirt":6,"stat.sprintOneCm":17116,"stat.useItem.minecraft.stone_slab2":1,"stat.pickup.xlfoodmod.crescent_roll":1,"stat.pickup.minecraft.apple":2,"stat.craftingTableInteraction":1,"stat.pickup.hundreddayz.syringe":2,"stat.pickup.minecraft.rotten_flesh":2,"stat.pickup.xlfoodmod.empty_can":4,"stat.pickup.minecraft.milk_bucket":1,"stat.useItem.xlfoodmod.baguette":7,"stat.pickup.minecraft.pumpkin_pie":5,"stat.damageTaken":1504,"stat.pickup.minecraft.leather":1,"stat.pickup.minecraft.stone_sword":2,"stat.pickup.minecraft.bread":7,"stat.craftItem.minecraft.stone_pickaxe":1,"stat.pickup.minecraft.fermented_spider_eye":1,"stat.mobKills":3,"stat.pickup.minecraft.planks":1,"stat.flyOneCm":20810,"stat.deaths":1,"stat.drop":1,"stat.pickup.minecraft.egg":3,"stat.playOneMinute":25845,"stat.sneakTime":1443,"stat.useItem.minecraft.stone_sword":3,"stat.pickup.hundreddayz.clothing_fabric":2,"stat.damageDealt":300,"stat.pickup.xlfoodmod.chips":5,"stat.timeSinceDeath":19356,"stat.killEntity.Cow":1,"stat.pickup.mod_lavacow.intestine":1,"stat.mineBlock.minecraft.dirt":21,"stat.useItem.minecraft.spawn_egg":1}