{"stat.chestOpened":3,"stat.pickup.minecraft.rotten_flesh":4,"stat.walkOneCm":44506,"stat.mineBlock.minecraft.stone_button":1,"stat.damageTaken":596,"stat.useItem.minecraft.pumpkin_pie":2,"stat.craftItem.minecraft.stone_pickaxe":1,"stat.mobKills":2,"stat.craftItem.minecraft.wooden_sword":1,"stat.pickup.realistictorches.torch_unlit":2,"stat.flyOneCm":38520,"stat.mineBlock.cfm.plate":1,"stat.useItem.realistictorches.torch_unlit":1,"stat.pickup.cfm.table_spruce":4,"stat.jump":198,"stat.playOneMinute":18950,"stat.fallOneCm":4249,"stat.pickup.minecraft.stone_button":1,"stat.useItem.minecraft.wooden_sword":17,"stat.useItem.minecraft.stone_pickaxe":1,"stat.pickup.cfm.plate":1,"stat.sneakTime":18,"stat.damageDealt":642,"stat.pickup.hundreddayz.clothing_fabric":3,"stat.crouchOneCm":125,"stat.mineBlock.bibliocraft.seat":2,"stat.timeSinceDeath":18500,"stat.useItem.xlfoodmod.crescent_roll":4,"stat.useItem.minecraft.wooden_axe":7,"stat.sprintOneCm":26149,"stat.useItem.minecraft.stone_slab2":2,"stat.mineBlock.realistictorches.torch_lit":2,"stat.mineBlock.cfm.table_spruce":4,"stat.craftItem.minecraft.wooden_axe":1,"stat.pickup.bibliocraft.seat":2,"stat.craftingTableInteraction":2}