{"stat.chestOpened":3,"stat.pickup.minecraft.rotten_flesh":7,"stat.walkOneCm":62582,"stat.playerKills":2,"stat.mineBlock.minecraft.stone_button":1,"stat.killEntity.mutantbeasts.creeper_minion":2,"stat.damageTaken":596,"stat.useItem.minecraft.pumpkin_pie":2,"stat.craftItem.minecraft.stone_pickaxe":1,"stat.mobKills":41,"stat.pickup.minecraft.cobblestone":5,"stat.craftItem.minecraft.wooden_sword":1,"stat.drop.jecalculation.item_calculator":2,"stat.pickup.minecraft.quartz":1,"stat.pickup.realistictorches.torch_unlit":2,"stat.flyOneCm":81722,"stat.mineBlock.cfm.plate":1,"stat.useItem.realistictorches.torch_unlit":1,"stat.pickup.cfm.table_spruce":4,"stat.drop":2,"stat.jump":252,"stat.playOneMinute":30650,"stat.fallOneCm":4249,"stat.pickup.minecraft.stone_button":1,"stat.useItem.minecraft.wooden_sword":17,"stat.useItem.minecraft.stone_pickaxe":1,"stat.pickup.cfm.plate":1,"stat.sneakTime":172,"stat.damageDealt":642,"stat.pickup.hundreddayz.clothing_fabric":5,"stat.crouchOneCm":125,"stat.mineBlock.bibliocraft.seat":2,"stat.timeSinceDeath":30200,"stat.useItem.xlfoodmod.crescent_roll":4,"stat.useItem.minecraft.wooden_axe":7,"stat.killEntity.mutantbeasts.mutant_zombie":1,"stat.pickup.minecraft.dirt":8,"stat.sprintOneCm":32557,"stat.useItem.minecraft.stone_slab2":4,"stat.pickup.jecalculation.item_calculator":2,"stat.mineBlock.realistictorches.torch_lit":2,"stat.mineBlock.cfm.table_spruce":4,"stat.craftItem.minecraft.wooden_axe":1,"stat.pickup.bibliocraft.seat":2,"stat.craftingTableInteraction":3}