{"stat.chestOpened":3,"stat.pickup.minecraft.rotten_flesh":5,"stat.flyOneCm":105065,"stat.deaths":1,"stat.walkOneCm":21817,"stat.drop":6,"stat.jump":116,"stat.useItem.carryon.tile_item":1,"stat.playOneMinute":18161,"stat.fallOneCm":209,"stat.pickup.cgm.basic_ammo":32,"stat.drop.minecraft.rotten_flesh":5,"stat.sneakTime":724,"stat.pickup.firstaid.bandage":8,"stat.damageTaken":181,"stat.crouchOneCm":530,"stat.drop.minecraft.dirt":1,"stat.timeSinceDeath":12727,"stat.pickup.cgm.handgun":1,"stat.sprintOneCm":8958,"stat.mobKills":20,"stat.useItem.minecraft.stone_slab2":1}