{"stat.pickup.minecraft.rotten_flesh":2,"stat.flyOneCm":1004,"stat.deaths":1,"stat.walkOneCm":8119,"stat.jump":33,"stat.pickup.minecraft.compass":1,"stat.playOneMinute":4921,"stat.fallOneCm":209,"stat.pickup.cgm.basic_ammo":30,"stat.pickup.minecraft.iron_nugget":4,"stat.sneakTime":194,"stat.damageTaken":194,"stat.pickup.hundreddayz.clothing_fabric":2,"stat.pickup.minecraft.stonebrick":6,"stat.crouchOneCm":90,"stat.timeSinceDeath":563,"stat.pickup.hundreddayz.gas_filter":1,"stat.pickup.cgm.handgun":1,"stat.sprintOneCm":1730,"stat.pickup.minecraft.dye":1}