{"stat.pickup.minecraft.rotten_flesh":5,"stat.walkOneCm":38700,"stat.playerKills":1,"stat.pickup.cgm.basic_ammo":60,"stat.pickup.minecraft.iron_nugget":8,"stat.leaveGame":1,"stat.mineBlock.minecraft.glass_pane":3,"stat.damageTaken":954,"stat.pickup.minecraft.stonebrick":12,"stat.pickup.cgm.handgun":2,"stat.mobKills":1,"stat.useItem.minecraft.stonebrick":5,"stat.pickup.minecraft.dye":2,"stat.flyOneCm":5705,"stat.deaths":3,"stat.jump":110,"stat.pickup.minecraft.compass":2,"stat.playOneMinute":11814,"stat.fallOneCm":2355,"stat.sneakTime":425,"stat.pickup.hundreddayz.clothing_fabric":4,"stat.crouchOneCm":526,"stat.timeSinceDeath":0,"stat.pickup.hundreddayz.gas_filter":2,"stat.sprintOneCm":15954,"stat.useItem.minecraft.stone_slab2":1}