{"stats":{"minecraft:mined":{"minecraft:grass":4,"biomesoplenty:orange_autumn_leaves":3,"minecraft:grass_block":3,"biomesoplenty:yellow_autumn_leaves":1,"minecraft:dark_oak_log":6,"minecraft:birch_leaves":1,"minecraft:oak_leaves":3},"minecraft:picked_up":{"minecraft:dark_oak_log":6,"minecraft:dirt":2},"minecraft:killed_by":{"undead_revamp2:the_moonflower":2,"antlers:wendigo":2},"minecraft:crafted":{"minecraft:dark_oak_planks":24},"minecraft:used":{"minecraft:dirt":2},"minecraft:custom":{"minecraft:time_since_rest":851,"minecraft:crouch_one_cm":232,"minecraft:sprint_one_cm":37345,"minecraft:play_time":15732,"minecraft:damage_taken":1260,"minecraft:deaths":5,"minecraft:walk_one_cm":35353,"minecraft:sneak_time":110,"minecraft:walk_under_water_one_cm":1093,"minecraft:jump":267,"minecraft:damage_dealt":66,"minecraft:leave_game":2,"minecraft:time_since_death":815,"minecraft:walk_on_water_one_cm":685,"minecraft:total_world_time":15732,"minecraft:swim_one_cm":11094,"minecraft:fall_one_cm":10127,"minecraft:fly_one_cm":39730}},"DataVersion":3465}