{"stats":{"minecraft:mined":{"biomesoplenty:orange_autumn_leaves":3,"biomesoplenty:yellow_autumn_leaves":1,"minecraft:dark_oak_log":6,"minecraft:birch_leaves":1,"minecraft:grass":4,"minecraft:grass_block":3,"minecraft:oak_leaves":3},"minecraft:dropped":{"born_in_chaos_v1:ethereal_spirit":1},"minecraft:picked_up":{"born_in_chaos_v1:corpse_maggot":9,"born_in_chaos_v1:ethereal_spirit":1,"minecraft:gunpowder":1,"minecraft:dark_oak_log":6,"minecraft:dirt":2,"arphex:abyssal_blade":1,"minecraft:bone":5,"minecraft:arrow":3,"minecraft:slime_ball":1,"minecraft:rotten_flesh":11,"minecraft:light_gray_wool":1},"minecraft:crafted":{"minecraft:dark_oak_planks":24},"minecraft:killed_by":{"undead_revamp2:the_moonflower":2,"antlers:wendigo":2},"minecraft:used":{"minecraft:dirt":2},"minecraft:custom":{"minecraft:time_since_rest":9861,"minecraft:sprint_one_cm":46525,"minecraft:damage_taken":1260,"minecraft:walk_one_cm":46547,"minecraft:mob_kills":21,"minecraft:drop":1,"minecraft:damage_dealt":7115,"minecraft:swim_one_cm":11094,"minecraft:fly_one_cm":124974,"minecraft:crouch_one_cm":236,"minecraft:play_time":24742,"minecraft:deaths":5,"minecraft:sneak_time":714,"minecraft:walk_under_water_one_cm":1276,"minecraft:jump":321,"minecraft:damage_dealt_resisted":1354,"minecraft:leave_game":3,"minecraft:walk_on_water_one_cm":961,"minecraft:time_since_death":9825,"minecraft:total_world_time":24742,"minecraft:fall_one_cm":10127},"minecraft:killed":{"minecraft:sheep":1,"minecraft:skeleton":3,"born_in_chaos_v1:spiritof_chaos":2,"born_in_chaos_v1:bloody_gadfly":1,"minecraft:zombie":2,"born_in_chaos_v1:corpse_fly":4,"born_in_chaos_v1:swarmer":1,"antlers:wendigo":1,"undead_revamp2:bomber":1,"minecraft:creeper":2,"undead_revamp2:theswarmer":1,"born_in_chaos_v1:maggot":2}},"DataVersion":3465}