{"stats":{"minecraft:mined":{"minecraft:birch_leaves":1,"minecraft:oak_leaves":3},"minecraft:custom":{"minecraft:jump":105,"minecraft:time_since_rest":4808,"minecraft:damage_dealt":10,"minecraft:walk_on_water_one_cm":228,"minecraft:crouch_one_cm":49,"minecraft:leave_game":1,"minecraft:play_time":4808,"minecraft:sprint_one_cm":16147,"minecraft:damage_taken":160,"minecraft:time_since_death":4808,"minecraft:walk_one_cm":10570,"minecraft:sneak_time":82,"minecraft:total_world_time":4808,"minecraft:walk_under_water_one_cm":614,"minecraft:swim_one_cm":5324,"minecraft:fall_one_cm":4327,"minecraft:fly_one_cm":18070}},"DataVersion":3465}