{"stat.chestOpened":3,"stat.pickup.minecraft.rotten_flesh":7,"stat.pickup.mutantbeasts.hulk_hammer":1,"stat.useItem.srparasites.weapon_sword_sentient":1,"stat.walkOneCm":40744,"stat.useItem.carryon.tile_item":1,"stat.pickup.cgm.basic_ammo":79,"stat.pickup.minecraft.stick":1,"stat.drop.minecraft.rotten_flesh":5,"stat.drop.minecraft.fermented_spider_eye":1,"stat.damageTaken":1225,"stat.drop.minecraft.dirt":10,"stat.pickup.cgm.handgun":2,"stat.mobKills":20,"stat.pickup.minecraft.fermented_spider_eye":2,"stat.pickup.minecraft.cobblestone":7,"stat.flyOneCm":221894,"stat.deaths":4,"stat.drop":25,"stat.jump":181,"stat.playOneMinute":29861,"stat.fallOneCm":6446,"stat.pickup.minecraft.torch":1,"stat.drop.minecraft.cobblestone":6,"stat.drop.hundreddayz.clothing_fabric":2,"stat.sneakTime":1008,"stat.pickup.firstaid.bandage":16,"stat.pickup.minecraft.gunpowder":2,"stat.damageDealt":205,"stat.pickup.hundreddayz.clothing_fabric":3,"stat.crouchOneCm":908,"stat.timeSinceDeath":1061,"stat.pickup.minecraft.dirt":16,"stat.sprintOneCm":10450,"stat.pickup.mod_lavacow.intestine":1,"stat.useItem.minecraft.stone_slab2":2,"stat.drop.minecraft.stick":1}