{"stat.chestOpened":13,"stat.walkOneCm":47472,"stat.playerKills":1,"stat.pickup.minecraft.stick":8,"stat.pickup.cgm.basic_ammo":64,"stat.pickup.minecraft.iron_nugget":6,"stat.leaveGame":3,"stat.pickup.minecraft.stone_pickaxe":2,"stat.pickup.firstaid.plaster":6,"stat.pickup.cgm.handgun":2,"stat.useItem.minecraft.diamond_sword":4,"stat.pickup.minecraft.diamond_sword":1,"stat.jump":306,"stat.pickup.minecraft.compass":2,"stat.fallOneCm":8366,"stat.pickup.firstaid.bandage":6,"stat.mineBlock.cgm.workbench":1,"stat.crouchOneCm":26,"stat.pickup.minecraft.dirt":3,"stat.useItem.minecraft.dirt":2,"stat.sprintOneCm":47827,"stat.pickup.minecraft.paper":14,"stat.useItem.minecraft.stone_slab2":2,"stat.pickup.cgm.workbench":3,"stat.craftingTableInteraction":4,"stat.pickup.minecraft.rotten_flesh":4,"stat.drop.minecraft.milk_bucket":1,"stat.mineBlock.minecraft.iron_bars":1,"stat.pickup.minecraft.map":2,"stat.pickup.xlfoodmod.apple_pie":4,"stat.damageTaken":95,"stat.pickup.biomesoplenty.pear":2,"stat.pickup.minecraft.stone_sword":1,"stat.craftItem.minecraft.stone_pickaxe":1,"stat.mobKills":5,"stat.pickup.minecraft.fermented_spider_eye":2,"stat.pickup.minecraft.dye":2,"stat.pickup.minecraft.planks":4,"stat.craftItem.minecraft.stone_sword":1,"stat.flyOneCm":54864,"stat.deaths":2,"stat.drop":1,"stat.playOneMinute":22863,"stat.useItem.minecraft.stone_pickaxe":2,"stat.sneakTime":62,"stat.useItem.minecraft.stone_sword":19,"stat.damageDealt":1180,"stat.pickup.hundreddayz.clothing_fabric":33,"stat.timeSinceDeath":11228,"stat.pickup.minecraft.iron_bars":1,"stat.useItem.biomesoplenty.pear":3,"stat.mineBlock.minecraft.dirt":3,"stat.pickup.mod_lavacow.intestine":2}