{"stat.chestOpened":3,"stat.walkOneCm":13885,"stat.playerKills":1,"stat.leaveGame":2,"stat.pickup.firstaid.plaster":2,"stat.jump":162,"stat.fallOneCm":4809,"stat.pickup.firstaid.bandage":2,"stat.mineBlock.cgm.workbench":1,"stat.crouchOneCm":8,"stat.pickup.minecraft.dirt":3,"stat.useItem.minecraft.dirt":2,"stat.sprintOneCm":27901,"stat.useItem.minecraft.stone_slab2":1,"stat.pickup.cgm.workbench":1,"stat.craftingTableInteraction":4,"stat.damageTaken":10,"stat.craftItem.minecraft.stone_pickaxe":1,"stat.mobKills":1,"stat.craftItem.minecraft.stone_sword":1,"stat.flyOneCm":30904,"stat.playOneMinute":8212,"stat.useItem.minecraft.stone_pickaxe":1,"stat.sneakTime":14,"stat.timeSinceDeath":8212,"stat.mineBlock.minecraft.dirt":3}