{"stats":{"minecraft:mined":{"minecraft:oak_leaves":6},"minecraft:picked_up":{"minecraft:beef":3},"minecraft:custom":{"minecraft:jump":133,"minecraft:time_since_rest":5520,"minecraft:damage_dealt":100,"minecraft:sprint_one_cm":16069,"minecraft:play_time":5520,"minecraft:damage_taken":120,"minecraft:time_since_death":5520,"minecraft:walk_one_cm":7573,"minecraft:total_world_time":5520,"minecraft:mob_kills":1,"minecraft:fall_one_cm":6232,"minecraft:fly_one_cm":20877},"minecraft:killed":{"minecraft:cow":1}},"DataVersion":3465}