{"stats":{"minecraft:mined":{"minecraft:oak_log":6,"minecraft:oak_leaves":7},"minecraft:dropped":{"antlers:wendigo_spawn_egg":1},"minecraft:picked_up":{"minecraft:rotten_flesh":3,"minecraft:copper_ingot":1,"minecraft:leather":6,"minecraft:beef":6,"minecraft:gray_wool":1,"minecraft:oak_log":6,"minecraft:spider_eye":2,"minecraft:string":2,"minecraft:mutton":5,"minecraft:white_wool":1},"minecraft:killed_by":{"apollyon:the_damned":1,"antlers:wendigo":1},"minecraft:crafted":{"minecraft:oak_planks":24},"minecraft:used":{"minecraft:oak_planks":24},"minecraft:custom":{"minecraft:time_since_rest":4145,"minecraft:crouch_one_cm":3473,"minecraft:deaths":2,"minecraft:play_time":17520,"minecraft:sprint_one_cm":28470,"minecraft:damage_taken":540,"minecraft:walk_one_cm":16925,"minecraft:sneak_time":820,"minecraft:mob_kills":10,"minecraft:drop":1,"minecraft:jump":265,"minecraft:damage_dealt":5946,"minecraft:time_since_death":4107,"minecraft:total_world_time":17520,"minecraft:fall_one_cm":8744,"minecraft:fly_one_cm":170775},"minecraft:killed":{"minecraft:spider":1,"undead_revamp2:therod":2,"minecraft:sheep":2,"undead_revamp2:the_moonflower":1,"antlers:wendigo":1,"undead_revamp2:bomber":1,"minecraft:cow":2}},"DataVersion":3465}