{"stat.chestOpened":13,"stat.walkOneCm":62270,"stat.useItem.minecraft.bread":1,"stat.playerKills":3,"stat.pickup.minecraft.stick":12,"stat.pickup.cgm.basic_ammo":75,"stat.pickup.minecraft.iron_nugget":9,"stat.leaveGame":4,"stat.pickup.minecraft.stone_pickaxe":3,"stat.pickup.firstaid.plaster":8,"stat.pickup.cgm.handgun":3,"stat.useItem.minecraft.diamond_sword":4,"stat.pickup.mod_lavacow.mimic_claw":1,"stat.pickup.minecraft.diamond_sword":1,"stat.jump":489,"stat.pickup.minecraft.compass":3,"stat.killEntity.mod_lavacow.mimic":1,"stat.fallOneCm":16113,"stat.useItem.minecraft.planks":1,"stat.pickup.firstaid.bandage":8,"stat.mineBlock.cgm.workbench":1,"stat.crouchOneCm":145,"stat.pickup.minecraft.dirt":3,"stat.useItem.minecraft.dirt":2,"stat.sprintOneCm":73686,"stat.pickup.minecraft.paper":21,"stat.useItem.minecraft.stone_slab2":3,"stat.pickup.cgm.workbench":4,"stat.craftingTableInteraction":4,"stat.pickup.minecraft.rotten_flesh":10,"stat.drop.minecraft.milk_bucket":1,"stat.pickup.xlfoodmod.empty_can":4,"stat.mineBlock.minecraft.iron_bars":1,"stat.pickup.minecraft.map":3,"stat.pickup.xlfoodmod.apple_pie":6,"stat.damageTaken":864,"stat.pickup.biomesoplenty.pear":9,"stat.pickup.minecraft.stone_sword":1,"stat.pickup.minecraft.bread":2,"stat.craftItem.minecraft.stone_pickaxe":1,"stat.mobKills":7,"stat.pickup.minecraft.fermented_spider_eye":4,"stat.pickup.minecraft.dye":3,"stat.pickup.minecraft.planks":6,"stat.craftItem.minecraft.stone_sword":1,"stat.flyOneCm":70800,"stat.deaths":4,"stat.drop":1,"stat.playOneMinute":30094,"stat.useItem.minecraft.stone_pickaxe":2,"stat.sneakTime":92,"stat.useItem.minecraft.stone_sword":19,"stat.damageDealt":1180,"stat.pickup.hundreddayz.clothing_fabric":52,"stat.timeSinceDeath":0,"stat.pickup.minecraft.iron_bars":1,"stat.useItem.biomesoplenty.pear":3,"stat.mineBlock.minecraft.dirt":3,"stat.pickup.mod_lavacow.intestine":3}