{"stat.chestOpened":5,"stat.pickup.minecraft.rotten_flesh":4,"stat.flyOneCm":58880,"stat.walkOneCm":57049,"stat.drop":1,"stat.jump":244,"stat.useItem.xlfoodmod.baguette":2,"stat.playOneMinute":21055,"stat.fallOneCm":6549,"stat.pickup.minecraft.torch":1,"stat.sneakTime":40,"stat.damageTaken":100,"stat.pickup.hundreddayz.clothing_fabric":2,"stat.mineBlock.minecraft.torch":1,"stat.timeSinceDeath":21055,"stat.sprintOneCm":47126,"stat.mobKills":7,"stat.useItem.minecraft.stone_slab2":9,"stat.drop.jecalculation.item_calculator":1}