{"stat.chestOpened":1,"stat.pickup.minecraft.rotten_flesh":1,"stat.walkOneCm":13491,"stat.leaveGame":1,"stat.damageTaken":38,"stat.mobKills":7,"stat.flyOneCm":120604,"stat.jump":65,"stat.swimOneCm":10038,"stat.playOneMinute":20609,"stat.pickup.minecraft.stone_button":1,"stat.useItem.minecraft.wooden_sword":8,"stat.fallOneCm":209,"stat.sneakTime":310,"stat.damageDealt":339,"stat.pickup.hundreddayz.clothing_fabric":2,"stat.crouchOneCm":79,"stat.timeSinceDeath":20609,"stat.sprintOneCm":3323,"stat.useItem.minecraft.stone_slab2":5,"stat.diveOneCm":60785}