{"stat.chestOpened":3,"stat.pickup.minecraft.rotten_flesh":1,"stat.walkOneCm":15847,"stat.pickup.minecraft.stick":1,"stat.leaveGame":3,"stat.damageTaken":38,"stat.mobKills":8,"stat.useItem.minecraft.diamond_sword":4,"stat.pickup.mod_lavacow.cursed_fabric":1,"stat.killEntity.mod_lavacow.scarecrow":1,"stat.flyOneCm":251732,"stat.jump":142,"stat.swimOneCm":10513,"stat.playOneMinute":26898,"stat.pickup.minecraft.stone_button":1,"stat.useItem.minecraft.wooden_sword":8,"stat.fallOneCm":209,"stat.climbOneCm":16,"stat.sneakTime":348,"stat.damageDealt":739,"stat.pickup.hundreddayz.clothing_fabric":2,"stat.crouchOneCm":79,"stat.timeSinceDeath":26898,"stat.sprintOneCm":10870,"stat.useItem.minecraft.stone_slab2":5,"stat.diveOneCm":60785,"stat.pickup.minecraft.wheat":1}