{"stat.chestOpened":1,"stat.pickup.minecraft.rotten_flesh":1,"stat.flyOneCm":112724,"stat.walkOneCm":11768,"stat.jump":50,"stat.swimOneCm":10038,"stat.playOneMinute":8966,"stat.pickup.minecraft.stone_button":1,"stat.useItem.minecraft.wooden_sword":8,"stat.fallOneCm":209,"stat.sneakTime":310,"stat.damageTaken":38,"stat.damageDealt":339,"stat.pickup.hundreddayz.clothing_fabric":2,"stat.crouchOneCm":79,"stat.timeSinceDeath":8966,"stat.sprintOneCm":1958,"stat.mobKills":3,"stat.useItem.minecraft.stone_slab2":1,"stat.diveOneCm":60785}