{"stat.chestOpened":5,"stat.pickup.minecraft.rotten_flesh":6,"stat.walkOneCm":75082,"stat.useItem.xlfoodmod.baguette":2,"stat.damageTaken":100,"stat.pickup.minecraft.stonebrick":2,"stat.drop.rafradek_tf2_weapons.projectile":1,"stat.mineBlock.minecraft.torch":1,"stat.drop.minecraft.dirt":1,"stat.mobKills":14,"stat.pickup.minecraft.cobblestone":9,"stat.pickup.minecraft.fermented_spider_eye":1,"stat.drop.jecalculation.item_calculator":1,"stat.flyOneCm":161572,"stat.drop":3,"stat.jump":336,"stat.playOneMinute":32755,"stat.fallOneCm":6549,"stat.climbOneCm":1256,"stat.pickup.minecraft.torch":1,"stat.pickup.minecraft.spruce_stairs":1,"stat.useItem.hundreddayz.fire_axe":1,"stat.sneakTime":110,"stat.pickup.hundreddayz.clothing_fabric":5,"stat.damageDealt":148,"stat.crouchOneCm":143,"stat.timeSinceDeath":32755,"stat.pickup.minecraft.dirt":13,"stat.sprintOneCm":57453,"stat.useItem.minecraft.stone_slab2":19,"stat.pickup.jecalculation.item_calculator":2,"stat.useItem.minecraft.spawn_egg":8}