{"stats":{"minecraft:mined":{"minecraft:oak_log":6,"minecraft:oak_leaves":7},"minecraft:dropped":{"arphex:abyssal_blade":1,"antlers:wendigo_spawn_egg":1},"minecraft:picked_up":{"born_in_chaos_v1:corpse_maggot":2,"minecraft:cooked_beef":6,"minecraft:copper_ingot":1,"minecraft:leather":6,"born_in_chaos_v1:ethereal_spirit":2,"minecraft:oak_log":6,"minecraft:spider_eye":2,"minecraft:string":2,"minecraft:cooked_mutton":9,"minecraft:bone":1,"minecraft:rotten_flesh":6,"minecraft:wheat_seeds":1,"minecraft:beef":6,"minecraft:gray_wool":2,"minecraft:mutton":5,"minecraft:white_wool":3},"minecraft:killed_by":{"apollyon:the_damned":1,"antlers:wendigo":1},"minecraft:crafted":{"minecraft:oak_planks":24},"minecraft:used":{"minecraft:oak_planks":24},"minecraft:custom":{"minecraft:time_since_rest":13155,"minecraft:sprint_one_cm":33477,"minecraft:damage_taken":540,"minecraft:walk_one_cm":23085,"minecraft:mob_kills":21,"minecraft:drop":2,"minecraft:damage_dealt":12730,"minecraft:fly_one_cm":278094,"minecraft:crouch_one_cm":3845,"minecraft:play_time":26530,"minecraft:deaths":2,"minecraft:sneak_time":893,"minecraft:damage_dealt_resisted":195,"minecraft:jump":334,"minecraft:leave_game":1,"minecraft:time_since_death":13117,"minecraft:total_world_time":26530,"minecraft:fall_one_cm":8744},"minecraft:killed":{"minecraft:sheep":5,"minecraft:skeleton":1,"minecraft:zombie":1,"born_in_chaos_v1:zombie_lumberjack":1,"born_in_chaos_v1:corpse_fly":1,"man:managgresive":1,"undead_revamp2:the_moonflower":1,"minecraft:spider":1,"undead_revamp2:therod":2,"antlers:wendigo":2,"undead_revamp2:bomber":1,"apollyon:the_damned":1,"minecraft:cow":3}},"DataVersion":3465}