{
  "exoticbirds:eb/root": {
    "criteria": {
      "trigger_1": "2024-06-30 00:01:08 +0000"
    },
    "done": true
  },
  "mod_lavacow:mod_lavacow/root": {
    "criteria": {
      "tick": "2024-06-30 00:01:08 +0000"
    },
    "done": true
  },
  "minecraft:recipes/misc/map": {
    "criteria": {
      "has_compass": "2024-06-30 00:01:08 +0000"
    },
    "done": true
  },
  "minecraft:adventure/root": {
    "criteria": {
      "killed_something": "2024-06-30 00:16:26 +0000"
    },
    "done": true
  },
  "cfm:root": {
    "criteria": {
      "tick": "2024-06-30 00:01:08 +0000"
    },
    "done": true
  },
  "cfm:install": {
    "criteria": {
      "tick": "2024-06-30 00:01:08 +0000"
    },
    "done": true
  },
  "iblis_headshots:adventure/get_head_shot": {
    "criteria": {
      "player": "2024-06-30 00:15:43 +0000"
    },
    "done": true
  },
  "mutantbeasts:root": {
    "criteria": {
      "killed_something": "2024-06-30 00:16:26 +0000"
    },
    "done": true
  }
}